{
  "silhouette_score": 0.03689752519130707,
  "distance_statistics": {
    "intra_mean": 0.5438284719493257,
    "intra_std": 0.5632198792709852,
    "inter_mean": 0.8592882743520522,
    "inter_std": 0.5780812523816579,
    "separation_ratio": 1.5800722446031132
  },
  "num_samples": 5000,
  "embedding_dim": 256
}